{
    "lightgbm": {
        "overall": {
            "mae": 0.7551048714084334,
            "rmse": 1.0985570057372505
        },
        "O+": {
            "mae": 1.3365182107209486,
            "rmse": 1.8116093135744562
        },
        "A+": {
            "mae": 1.3234186062154618,
            "rmse": 1.6709817640571163
        },
        "B+": {
            "mae": 0.6232205077119748,
            "rmse": 0.8096427661493942
        },
        "AB+": {
            "mae": 0.5304010911327334,
            "rmse": 0.6203204434639353
        },
        "O-": {
            "mae": 0.8405102512899222,
            "rmse": 1.3005250319765564
        },
        "A-": {
            "mae": 0.5361992388595037,
            "rmse": 0.6595200906515942
        },
        "B-": {
            "mae": 0.4332671244313581,
            "rmse": 0.4567379279393487
        },
        "AB-": {
            "mae": 0.4173039409055645,
            "rmse": 0.45304645793519793
        }
    },
    "prophet": {
        "O+": {
            "mae": 1.221500436626249,
            "rmse": 1.690580313045786
        },
        "A+": {
            "mae": 1.2503968053564432,
            "rmse": 1.6111733522169298
        },
        "B+": {
            "mae": 0.6186711885202204,
            "rmse": 0.7965040679827131
        },
        "AB+": {
            "mae": 0.5139135140320678,
            "rmse": 0.6079908000202467
        },
        "O-": {
            "mae": 0.7491687067748095,
            "rmse": 1.2107333893696521
        },
        "A-": {
            "mae": 0.5436658175842521,
            "rmse": 0.6467612815684429
        },
        "B-": {
            "mae": 0.42008576546671245,
            "rmse": 0.45300924961333927
        },
        "AB-": {
            "mae": 0.39166895603097374,
            "rmse": 0.4406514278701418
        },
        "overall": {
            "mae": 0.713633898798966,
            "rmse": 1.0453216888573114
        }
    }
}